{"cameraMode":{"drawMode":0,"name":"Shaded","section":"Shading Mode"},"sceneLighting":true,"audioPlay":false,"sceneViewState":{"showFog":true,"showMaterialUpdate":false,"showSkybox":true,"showFlares":true,"showImageEffects":true,"showParticleSystems":true},"in2DMode":false,"pivot":{"x":1.2681084871292115,"y":0.8216018676757813,"z":0.9441847801208496},"rotation":{"x":0.11547063291072846,"y":0.4492022693157196,"z":-0.058708734810352328,"w":0.8840373754501343},"size":1.2044742107391358,"orthographic":false}